name,feature
Drake - 7969 Santa.mp3,"[array([[-335.61978   ,  -39.090347  ,  -28.948055  , ...,   -3.8916974 ,
           8.258556  ,    5.8834    ],
       [-273.19754   ,  -32.538467  ,  -35.11713   , ...,   -6.027364  ,
           4.1946735 ,    0.38935167],
       [-310.01163   ,  -35.31153   ,  -16.131662  , ...,  -12.793939  ,
          -6.3456182 ,  -11.308311  ],
       ...,
       [-293.0873    ,  164.97845   ,   45.07055   , ...,  -21.43494   ,
         -15.560667  ,   -4.9401054 ],
       [-322.74072   ,  193.69766   ,   44.356186  , ...,  -18.903221  ,
         -11.337528  ,   -6.160672  ],
       [-243.61171   ,  142.81232   ,   29.963966  , ...,  -13.467483  ,
         -13.148518  ,  -11.18518   ]], dtype=float32), array([[-3.5778091e+01,  9.9164780e+01,  1.2584526e+01, ...,
        -8.9156342e+00,  2.5422716e+00, -1.8192601e+00],
       [-3.8769108e+01,  1.0593442e+02,  5.1481395e+00, ...,
        -1.3627905e+01, -1.7125249e-02, -5.5592775e+00],
       [-8.5204727e+01,  1.2844824e+02, -1.1226778e+00, ...,
        -1.8460358e+01, -4.0431619e+00, -6.4185419e+00],
       ...,
       [-1.3430290e+02,  1.9624734e+02, -4.7085560e+01, ...,
         6.7744875e+00, -1.5011201e+00, -9.8532248e+00],
       [-1.3037242e+02,  2.0133200e+02, -6.4952888e+01, ...,
         1.0114299e+00, -7.6480584e+00, -1.0065687e+01],
       [-7.0833023e+01,  1.4067331e+02, -3.0527435e+01, ...,
         1.0510073e+00, -5.0039763e+00, -5.4660492e+00]], dtype=float32)]"
Drake - 8am in Charlotte.mp3,"[array([[-391.17868  ,  154.51895  ,   53.12877  , ...,    3.125793 ,
          -1.0454503,   -5.834446 ],
       [-331.6425   ,  190.03653  ,   40.28768  , ...,    5.043537 ,
          -0.5573313,  -10.50127  ],
       [-311.515    ,  205.90158  ,   37.17267  , ...,    5.183035 ,
           1.1996236,  -13.4942   ],
       ...,
       [-229.81172  ,  214.88425  ,    3.250932 , ...,   -3.860327 ,
           9.937048 ,  -11.900767 ],
       [-230.60718  ,  213.59564  ,    1.8427547, ...,   -2.6021779,
           6.8931417,  -15.586178 ],
       [-223.22542  ,  209.2685   ,   11.172464 , ...,   -7.0059576,
          -1.8140887,  -16.305534 ]], dtype=float32), array([[ -68.09561   ,  105.15931   ,   -3.1431007 , ...,  -18.454845  ,
          -4.113898  ,   -6.0114756 ],
       [ -68.79752   ,  114.557465  ,  -10.835115  , ...,  -15.074267  ,
          -2.8856287 ,   -4.333497  ],
       [ -87.52549   ,  135.29202   ,  -24.733122  , ...,  -11.917815  ,
          -0.65695035,   -4.5098085 ],
       ...,
       [-189.21994   ,   97.93875   ,   27.44582   , ...,   -2.156674  ,
          12.672758  ,    9.352234  ],
       [-151.66704   ,   53.304314  ,    9.904143  , ...,    2.2343597 ,
          16.395279  ,   13.133594  ],
       [-135.10487   ,   37.233753  ,   -2.366042  , ...,    2.775071  ,
          20.178574  ,   13.953043  ]], dtype=float32)]"
Drake - All The Parties (feat. Chief Keef).mp3,"[array([[-428.64822  ,  161.3984   ,   94.59522  , ...,   -2.271449 ,
          -4.7494316,   -5.7650867],
       [-411.43475  ,  177.22095  ,   95.70168  , ...,    0.6469104,
          -2.56515  ,   -3.3322046],
       [-402.70273  ,  182.54669  ,   89.18936  , ...,    4.009876 ,
          -3.7170694,   -6.6197066],
       ...,
       [-210.24203  ,  150.59265  ,   27.678345 , ...,  -18.729069 ,
           3.5473452,   -9.938502 ],
       [-204.9766   ,  152.65344  ,   24.906433 , ...,  -19.853588 ,
           2.8402407,   -9.407802 ],
       [-208.59953  ,  157.18268  ,   31.136768 , ...,  -17.800858 ,
           1.4673362,  -12.272451 ]], dtype=float32), array([[-197.02306   ,  131.57086   ,   13.912252  , ...,   -3.1408975 ,
         -11.049542  ,   -9.428812  ],
       [-211.97319   ,  156.82437   ,    4.2076297 , ...,    1.7909867 ,
          -9.843685  ,  -15.903387  ],
       [-219.5627    ,  160.74121   ,   -6.4815807 , ...,    9.678888  ,
          -9.408568  ,  -24.126335  ],
       ...,
       [-155.22658   ,  165.64264   ,  -18.0155    , ...,    5.147373  ,
          -1.6103493 ,   -3.151959  ],
       [-153.25215   ,  163.7627    ,  -21.50914   , ...,    6.6802006 ,
           1.2422038 ,   -5.1306915 ],
       [ -86.67878   ,  134.67723   ,    1.9265947 , ...,    9.066354  ,
           3.5118544 ,   -0.33232683]], dtype=float32)]"
Drake - Amen (feat. Teezo Touchdown).mp3,"[array([[-297.13953  ,  186.2721   ,   31.292559 , ...,   19.891079 ,
           7.5688496,    3.0259352],
       [-245.12634  ,  187.26566  ,   20.796215 , ...,   23.068111 ,
          10.31592  ,   12.008856 ],
       [-256.68246  ,  187.05641  ,   21.280716 , ...,   20.106617 ,
          17.061283 ,   19.019531 ],
       ...,
       [-220.75732  ,  108.993034 ,  -39.383656 , ...,    7.701486 ,
           9.59054  ,    5.847355 ],
       [-153.94365  ,  113.8418   ,  -38.689186 , ...,    2.4445305,
          -0.9355643,   -0.5983911],
       [-103.3198   ,  120.578514 ,   -6.7678595, ...,   -1.9645265,
           3.2608035,   -3.8808918]], dtype=float32), array([[-4.18384552e+01,  1.00746262e+02,  1.22428894e+01, ...,
        -2.54447818e+00,  1.87679932e-01,  7.14956570e+00],
       [-4.43931236e+01,  1.07636871e+02, -5.33079433e+00, ...,
        -6.93790817e+00, -5.78786182e+00,  1.31717529e+01],
       [-7.13103104e+01,  1.32351929e+02, -2.24668694e+01, ...,
        -1.43486958e+01, -8.06893253e+00,  1.46504269e+01],
       ...,
       [-5.63051453e+01,  1.09931290e+02, -4.51980286e+01, ...,
        -1.85174255e+01, -2.27964139e+00, -7.54253674e+00],
       [-5.77077599e+01,  1.13105034e+02, -4.26726074e+01, ...,
        -2.21355915e+01,  1.88569427e-02, -8.57129097e+00],
       [-6.05090179e+01,  1.11783020e+02, -3.23350525e+01, ...,
        -2.27073669e+01,  1.52314961e+00, -5.62107849e+00]], dtype=float32)]"
Drake - Another Late Night (feat. Lil Yachty).mp3,"[array([[-162.98666  ,   94.69635  ,  -15.664284 , ...,    2.4837272,
          -6.3177795,   11.07789  ],
       [ -93.80231  ,  122.573654 ,   -5.984995 , ...,    6.150467 ,
          -4.335438 ,   12.951427 ],
       [ -92.57233  ,  129.74588  ,   15.049757 , ...,    8.819042 ,
          -4.8732057,   10.070433 ],
       ...,
       [-220.58371  ,  190.41016  ,   28.811455 , ...,   -5.707165 ,
           2.318714 ,   -1.9214308],
       [-207.27168  ,  177.47006  ,   21.496908 , ...,  -13.681618 ,
           3.5088806,   -3.5523756],
       [-165.69719  ,  152.40619  ,   30.131516 , ...,   -2.743884 ,
           7.1989665,   -1.5486109]], dtype=float32), array([[ -38.684216 ,  121.05086  ,   -4.3342667, ...,   12.580488 ,
           4.452942 ,    8.0137615],
       [  -2.3607008,  119.50422  ,  -22.588604 , ...,   13.651928 ,
           2.5870838,   14.751238 ],
       [  -1.8663831,  119.91207  ,  -26.444641 , ...,   13.091574 ,
           1.5374844,   16.158897 ],
       ...,
       [-131.89322  ,  147.55612  ,   -3.6167774, ...,    7.75282  ,
          14.561452 ,   -5.437317 ],
       [-104.827156 ,  124.87312  ,   -5.5408125, ...,    3.10991  ,
           3.6872127,   12.175231 ],
       [ -45.078613 ,   73.03539  ,   -7.13443  , ...,    3.1324255,
           5.7560787,   12.557063 ]], dtype=float32)]"
Drake - Away From Home.mp3,"[array([[-112.80325   ,  138.74655   ,   17.491879  , ...,    2.5966785 ,
         -21.192753  ,   11.841188  ],
       [ -94.17769   ,  124.59763   ,   22.905804  , ...,    8.111663  ,
          -9.633183  ,    9.003251  ],
       [-138.26805   ,   81.24138   ,   26.722858  , ...,   13.042694  ,
          -3.8666062 ,    9.031118  ],
       ...,
       [-149.58658   ,   79.2471    ,   -6.3709908 , ...,   25.85247   ,
          -0.38458765,   14.898806  ],
       [-141.52028   ,   76.32588   ,  -15.653446  , ...,   25.339216  ,
           2.0488987 ,   15.032979  ],
       [ -84.94868   ,   86.43653   ,    6.4226856 , ...,   16.101488  ,
           1.257969  ,    5.982939  ]], dtype=float32), array([[-7.2670921e+01,  1.1493800e+02,  8.2201099e+00, ...,
        -5.5643362e-01,  1.8210527e-01,  3.9602485e+00],
       [-6.6573959e+01,  1.2059981e+02, -5.9228649e+00, ...,
        -4.7268276e+00, -8.2160082e+00,  2.5645056e+00],
       [-1.6905220e+01,  1.2530190e+02, -4.1275330e+01, ...,
        -3.1810713e+00, -3.8341937e+00, -8.4891739e+00],
       ...,
       [-1.9184296e+02,  1.5451642e+02, -2.1099571e+01, ...,
         2.7332714e+01,  1.2048998e+01,  5.7198319e+00],
       [-1.7258694e+02,  1.4151382e+02, -1.9684959e+01, ...,
         2.0308746e+01,  6.9408627e+00,  1.9262440e+00],
       [-4.4663864e+01,  1.1854224e+02, -4.6413742e+01, ...,
         1.0015242e+01,  9.9920378e+00,  3.9185908e+00]], dtype=float32)]"
Drake - Bahamas Promises.mp3,"[array([[-2.8841772e+02,  2.1115674e+02, -2.5421090e+00, ...,
        -2.8322821e+00,  1.2938764e-02, -9.4605274e+00],
       [-1.9448349e+02,  2.3317517e+02, -1.0554344e+01, ...,
         1.5642235e+01,  5.5534792e+00, -1.2210861e+01],
       [-1.4052405e+02,  2.1098141e+02, -1.5715572e+01, ...,
         2.6374283e+01,  2.5219553e+00, -6.0972753e+00],
       ...,
       [-3.7137576e+02,  1.7258197e+02,  7.2806808e+01, ...,
         7.7234917e+00,  5.2035570e+00,  2.8137054e+00],
       [-3.7804840e+02,  1.7422696e+02,  8.2800552e+01, ...,
         7.5234251e+00,  6.6598024e+00,  2.5933368e+00],
       [-3.4379019e+02,  1.6240930e+02,  5.4864204e+01, ...,
         8.2066612e+00,  2.7389505e+00,  1.1384430e+00]], dtype=float32), array([[ -55.61527  ,  147.13232  ,    2.4531817, ...,   16.740864 ,
         -11.863234 ,   -4.486363 ],
       [ -39.970005 ,  156.72145  ,  -11.758983 , ...,   12.192394 ,
         -12.414997 ,    2.1122565],
       [ -65.29467  ,  165.62598  ,  -31.551205 , ...,   10.474682 ,
         -12.152405 ,    9.288069 ],
       ...,
       [-296.71832  ,  178.17279  ,   38.560104 , ...,    2.5834663,
          -6.594802 ,    3.8457365],
       [-297.54016  ,  176.0007   ,   41.88524  , ...,    7.01711  ,
          -7.345736 ,    5.29872  ],
       [-250.30975  ,  144.14981  ,   37.57252  , ...,    7.1008177,
           1.3302498,    1.6788429]], dtype=float32)]"
Drake - BBL Love (Interlude).mp3,"[array([[-3.54583374e+02,  9.60837326e+01,  6.39835739e+01, ...,
         8.25815392e+00, -5.75479221e+00,  6.88206673e+00],
       [-3.07279877e+02,  1.01346260e+02,  6.34718018e+01, ...,
         1.38438931e+01, -8.62179995e-02,  1.19607925e+01],
       [-2.81123840e+02,  1.14464066e+02,  4.66976395e+01, ...,
         1.68839512e+01,  5.37103462e+00,  1.22103348e+01],
       ...,
       [-2.26026093e+02,  1.42179626e+02,  9.10854340e+00, ...,
         1.15636253e+01,  2.79016876e+00,  5.94429588e+00],
       [-2.26215561e+02,  1.39966370e+02,  1.11287327e+01, ...,
         8.69987202e+00,  9.00627792e-01,  6.47033930e+00],
       [-2.13977737e+02,  1.39643799e+02,  1.44430056e+01, ...,
         3.14074326e+00,  1.92134547e+00,  3.32662010e+00]], dtype=float32), array([[-182.86746  ,  112.466324 ,   34.326786 , ...,    0.6774223,
           6.962813 ,    3.6319895],
       [-159.69904  ,  122.621086 ,   27.593277 , ...,   -0.805881 ,
          13.8477955,   15.116702 ],
       [-157.80879  ,  133.63168  ,   25.412365 , ...,   -1.5609004,
          16.350761 ,   19.99196  ],
       ...,
       [ -59.70526  ,   20.698135 ,  -24.474518 , ...,  -13.078989 ,
          14.197837 ,   -4.3872013],
       [ -74.70263  ,   24.210297 ,  -11.162426 , ...,   -9.628435 ,
          19.066051 ,   -3.0245633],
       [ -58.79081  ,   52.299522 ,   26.423096 , ...,  -12.109072 ,
           2.4806147,   -5.203396 ]], dtype=float32)]"
Drake - Calling For You (feat. 21 Savage).mp3,"[array([[-100.4346   ,   18.113947 ,  -24.531761 , ...,    3.0105977,
           3.0602424,    9.766715 ],
       [ -52.45376  ,   60.731476 ,  -25.180943 , ...,    1.263303 ,
           6.9022017,    8.777443 ],
       [ -76.18342  ,   66.95216  ,  -22.817589 , ...,    4.358892 ,
           6.576435 ,    9.23057  ],
       ...,
       [-230.21504  ,  172.935    ,   -1.4891841, ...,    7.061696 ,
           7.226304 ,    3.4801755],
       [-213.11996  ,  176.57053  ,   -9.693115 , ...,    8.045859 ,
           5.8328276,    3.9273753],
       [-204.32715  ,  126.24165  ,   17.652243 , ...,    9.958459 ,
           7.2835484,    5.658619 ]], dtype=float32), array([[-1.7580180e+02,  1.5675876e+02,  4.4262018e+00, ...,
         1.1171476e+01,  7.0010262e+00,  8.6874352e+00],
       [-1.5710378e+02,  1.7756204e+02, -1.0782120e+01, ...,
         1.4130621e+01,  7.9524965e+00,  1.7137989e+01],
       [-1.4947319e+02,  1.7924445e+02, -1.5773779e+01, ...,
         1.5850775e+01,  7.3426476e+00,  2.0362858e+01],
       ...,
       [-1.2983366e+02,  8.5823975e+01,  3.8409371e+00, ...,
         7.0807838e+00,  2.2905359e+00, -1.1427966e-01],
       [-1.5346280e+02,  1.0064783e+02,  9.5048313e+00, ...,
         1.1189255e+01,  3.8826203e-01, -2.2561712e+00],
       [-1.5896776e+02,  1.1422885e+02,  1.7335205e+01, ...,
         1.6075304e+01,  3.3230910e+00, -1.0168161e+01]], dtype=float32)]"
Drake - Daylight.mp3,"[array([[-3.9197659e+02,  7.9717415e+01,  1.9635990e+01, ...,
         8.1250839e+00,  1.0305317e+01,  1.8363745e+01],
       [-3.5899661e+02,  9.2738800e+01,  1.0856149e+01, ...,
         1.1003563e+01,  1.2967046e+01,  1.7595507e+01],
       [-3.5097488e+02,  1.0500629e+02,  1.6964712e+01, ...,
         1.0594565e+01,  1.6567135e+01,  1.9752220e+01],
       ...,
       [-3.3002771e+02,  1.5306256e+02,  5.6941582e+01, ...,
        -1.3505790e+00, -3.5703902e+00, -2.0490055e-01],
       [-3.3190469e+02,  1.4950311e+02,  5.3426086e+01, ...,
        -3.7532351e+00, -5.7853603e+00, -2.0659490e+00],
       [-3.2374438e+02,  1.5539815e+02,  4.8803455e+01, ...,
        -5.9280009e+00, -8.0089588e+00, -5.1846004e+00]], dtype=float32), array([[-168.21303   ,  104.86228   ,   14.434062  , ...,    0.98602617,
           4.760762  ,    9.806074  ],
       [ -78.29784   ,   67.24095   ,  -14.085132  , ...,   -1.0402691 ,
           8.663666  ,   16.49883   ],
       [ -55.71349   ,   55.10491   ,  -22.803684  , ...,   -4.4922075 ,
           4.57427   ,   16.667374  ],
       ...,
       [ -66.50695   ,  150.90479   ,  -22.638657  , ...,  -10.757004  ,
          -6.418812  ,    1.0076754 ],
       [ -62.08766   ,  144.92801   ,  -22.167688  , ...,  -16.437267  ,
          -5.8295345 ,    2.3338933 ],
       [ -52.76095   ,  127.47414   ,   -3.2258165 , ...,  -12.241309  ,
          -6.547341  ,    3.1149056 ]], dtype=float32)]"
Drake - Drew A Picasso.mp3,"[array([[-479.952    ,  133.8789   ,   52.876717 , ...,   14.822456 ,
          22.82474  ,   12.364107 ],
       [-439.8504   ,  154.27612  ,   41.629616 , ...,   10.271296 ,
          12.939218 ,    3.322028 ],
       [-415.57507  ,  144.1041   ,   30.5844   , ...,    2.695123 ,
           6.0108643,   -5.0213523],
       ...,
       [-416.0578   ,  146.25072  ,   16.387634 , ...,    1.2877116,
           4.907584 ,   12.861633 ],
       [-421.8742   ,  150.85683  ,   23.893723 , ...,    8.182    ,
          15.897688 ,   17.552546 ],
       [-422.8087   ,  157.59695  ,   34.59099  , ...,    4.76672  ,
           9.698268 ,   11.221472 ]], dtype=float32), array([[-158.46146   ,  111.343925  ,   26.94085   , ...,    2.2526073 ,
          -1.38241   ,   -2.062123  ],
       [-173.90088   ,  125.44933   ,   25.678253  , ...,    9.166969  ,
          -0.9737301 ,    0.94800407],
       [-192.8631    ,  136.65474   ,   16.868008  , ...,   13.630823  ,
          -0.7199193 ,    5.735669  ],
       ...,
       [-295.8749    ,  147.5985    ,   40.661552  , ...,   -5.3187094 ,
           4.329189  ,   21.513113  ],
       [-293.11798   ,  146.15659   ,   38.24754   , ...,   -7.234434  ,
           1.6597514 ,   21.733053  ],
       [-210.16898   ,  121.0202    ,   25.222027  , ...,    4.8149915 ,
           6.808777  ,   11.212557  ]], dtype=float32)]"
Drake - Fear Of Heights.mp3,"[array([[-4.4219516e+02,  8.4118042e+01,  5.4249229e+01, ...,
         1.1712932e+01,  8.8258829e+00,  1.2693869e+01],
       [-3.7698807e+02,  1.3282013e+02,  5.6684357e+01, ...,
         3.3895370e+01,  9.8814011e+00,  2.6921785e+00],
       [-3.4868628e+02,  1.5251529e+02,  5.5513702e+01, ...,
         3.7874714e+01,  6.4218030e+00, -3.3392234e+00],
       ...,
       [-2.6213907e+02,  1.4677448e+02,  3.6694221e+01, ...,
         5.1875253e+00,  7.4048638e-02, -1.7443474e+01],
       [-2.6408914e+02,  1.4846790e+02,  4.2068962e+01, ...,
         1.1819863e+00, -2.6855719e-01, -1.8990164e+01],
       [-2.3861357e+02,  1.3557822e+02,  3.4717220e+01, ...,
        -6.0017624e+00, -5.5245023e+00, -7.5484753e+00]], dtype=float32), array([[-41.629093  , 102.780174  ,   2.9791193 , ...,   3.694254  ,
          4.3270173 ,   2.3371916 ],
       [-52.34345   ,  99.9749    , -10.752377  , ...,  -1.2164237 ,
          4.594448  ,  -0.16835082],
       [-67.51683   ,  85.23511   , -36.5375    , ..., -11.129581  ,
          4.844127  ,  -0.4792527 ],
       ...,
       [-61.111786  , 145.57175   , -23.288036  , ...,  22.537336  ,
         18.859444  ,   3.5383027 ],
       [-71.69733   , 138.21844   , -25.206146  , ...,  19.96999   ,
         13.197327  ,  -5.4062467 ],
       [-53.454926  , 106.95386   ,  -2.80696   , ...,  19.446781  ,
          6.0288563 , -10.167353  ]], dtype=float32)]"
Drake - First Person Shooter (feat. J. Cole).mp3,"[array([[-4.1203857e+02,  1.3772742e+02, -1.0141521e+01, ...,
        -1.3426225e+01, -4.8204994e+00, -6.6345735e+00],
       [-2.6456824e+02,  1.9251059e+02, -4.7985069e+01, ...,
        -1.4969040e+01,  6.6110497e+00, -7.8269467e+00],
       [-2.0923499e+02,  2.1469019e+02, -5.3682190e+01, ...,
        -1.9339052e+01,  4.5882225e+00, -9.7413578e+00],
       ...,
       [-1.7668669e+02,  1.8445346e+02, -2.5757988e+01, ...,
         1.2747412e+00, -1.5942450e+01,  5.3684535e+00],
       [-1.8373921e+02,  1.8621042e+02, -1.7613480e+01, ...,
        -2.3566216e-01, -1.3989187e+01,  2.2087493e+00],
       [-1.7700850e+02,  1.7387421e+02, -8.8139744e+00, ...,
        -9.7746992e-01, -7.4737310e+00,  2.1728518e+00]], dtype=float32), array([[-75.221466  , 114.09807   , -29.758385  , ...,   4.18723   ,
         17.480526  ,  -1.7576369 ],
       [-30.739195  , 119.014084  , -35.22774   , ...,   1.3550696 ,
         23.270592  ,  -0.9328062 ],
       [-14.337419  , 126.75291   , -41.112694  , ...,   2.8252416 ,
         19.513494  ,  -3.431705  ],
       ...,
       [-67.065216  , 149.1929    , -48.375343  , ...,  -5.1092954 ,
        -21.702972  ,   0.979627  ],
       [-66.239235  , 143.99448   , -50.290764  , ...,  -7.9849534 ,
        -14.439615  ,   1.8544353 ],
       [-54.40037   , 145.4945    , -38.69344   , ...,  -3.4123719 ,
        -11.653221  ,   0.79252625]], dtype=float32)]"
Drake - Gently (feat. Bad Bunny).mp3,"[array([[-377.98837   ,  149.46234   ,   57.50351   , ...,  -10.177544  ,
           0.8382933 ,   12.645237  ],
       [-277.897     ,  164.4526    ,   10.215113  , ...,   -4.1820784 ,
           8.878353  ,   10.928716  ],
       [-240.02094   ,  152.27658   ,  -24.174557  , ...,   -1.5762703 ,
          15.062254  ,   11.136044  ],
       ...,
       [-243.86467   ,  164.59665   ,    3.2631736 , ...,  -14.128227  ,
           1.673972  ,    0.61806715],
       [-235.78111   ,  161.6488    ,   -9.479145  , ...,  -17.786314  ,
           1.7187861 ,    2.5298312 ],
       [-231.32544   ,  162.75961   ,  -14.244561  , ...,  -14.119556  ,
           7.0152545 ,    6.7397537 ]], dtype=float32), array([[ -86.7549   ,   74.068115 ,  -32.786865 , ...,    7.1121836,
           9.763433 ,  -10.824055 ],
       [-103.54472  ,   76.66635  ,  -38.06474  , ...,    6.0230913,
           9.523029 ,   -7.833374 ],
       [-127.92616  ,  106.77898  ,   -6.105241 , ...,   13.466877 ,
           6.829524 ,   -8.074376 ],
       ...,
       [-122.74774  ,  137.40703  ,   -6.671958 , ...,   -5.5358243,
           7.584264 ,   -5.7991176],
       [-123.7868   ,  135.08247  ,   -7.98846  , ...,   -2.6512902,
           1.9791839,   -3.599341 ],
       [-122.49013  ,  129.03758  ,   -3.8788383, ...,   -8.111467 ,
          -2.649297 ,   -2.9504385]], dtype=float32)]"
Drake - IDGAF (feat. Yeat).mp3,"[array([[-3.8245667e+02,  1.4330392e+02, -1.4106254e+01, ...,
         2.9232984e+00,  8.9859180e+00,  4.5163155e+00],
       [-3.5809283e+02,  1.5485068e+02, -1.1213875e+01, ...,
         4.4566121e+00,  8.9527750e+00,  3.4802237e+00],
       [-4.3976309e+02,  1.8147923e+02,  2.7836269e+01, ...,
         5.9167829e+00,  4.6105452e+00, -2.0790273e-01],
       ...,
       [-5.1519373e+02,  2.1800208e+02,  7.2025101e+01, ...,
        -3.6322889e+00, -3.1101084e+00, -3.7819986e+00],
       [-5.0908478e+02,  2.2039978e+02,  6.9286240e+01, ...,
        -4.9134493e+00,  3.7721741e-01, -6.6632881e+00],
       [-4.1093961e+02,  1.6138060e+02,  4.4060837e+01, ...,
         2.3278928e+00, -2.3305893e+00, -4.9027147e+00]], dtype=float32), array([[-3.5051163e+02,  1.2833536e+02,  3.0050816e+01, ...,
         3.0006821e+00,  2.8057498e-01, -2.6546977e+00],
       [-3.9359375e+02,  1.5439706e+02,  4.2059742e+01, ...,
         4.4210434e-01, -1.0517418e+00, -1.1757506e+00],
       [-4.8413168e+02,  2.0029105e+02,  6.9445755e+01, ...,
        -6.6847401e+00, -5.3795767e+00,  2.6440933e+00],
       ...,
       [-3.2294299e+02,  1.8640654e+02, -3.2129707e+01, ...,
        -1.5295303e+01, -1.4222666e+01, -1.1607742e+01],
       [-3.2170096e+02,  1.8510974e+02, -3.1151432e+01, ...,
        -1.3403066e+01, -1.3034048e+01, -1.1790459e+01],
       [-2.6810986e+02,  1.5189952e+02, -1.0835270e+01, ...,
        -1.4789732e+01, -1.5024055e+01, -1.6028833e+01]], dtype=float32)]"
Drake - Members Only (feat. PARTYNEXTDOOR).mp3,"[array([[-411.32104  ,   46.77216  ,   42.355446 , ...,    6.9061804,
           6.4638867,    6.394623 ],
       [-375.06274  ,   87.79097  ,   62.454773 , ...,    7.4127116,
           9.907339 ,   11.052738 ],
       [-353.59567  ,  109.23624  ,   68.44425  , ...,   10.267849 ,
          14.915875 ,   15.528471 ],
       ...,
       [-250.60114  ,  156.34787  ,   46.007042 , ...,    3.1792138,
         -19.944906 ,   -3.632717 ],
       [-258.15887  ,  153.47163  ,   46.458645 , ...,    3.9996266,
         -15.994983 ,   -5.719476 ],
       [-253.24756  ,  154.3208   ,   43.89862  , ...,    1.8729786,
         -16.392586 ,   -8.898015 ]], dtype=float32), array([[-105.439644  ,  122.97786   ,  -12.060035  , ...,  -11.438496  ,
         -15.514309  ,  -12.991701  ],
       [-100.93316   ,  139.12921   ,  -32.205673  , ...,   -3.8170419 ,
         -12.403866  ,   -6.966318  ],
       [-117.82734   ,  153.64403   ,  -51.384277  , ...,    0.48340893,
         -12.9999895 ,   -2.9246008 ],
       ...,
       [-105.562996  ,   56.05836   ,   36.742035  , ...,  -18.659756  ,
          15.233228  ,    4.0359077 ],
       [-120.839645  ,   74.00563   ,   41.147346  , ...,  -14.437195  ,
           9.814626  ,    0.7687388 ],
       [-113.95975   ,  106.35798   ,   44.530464  , ...,   -4.0802536 ,
          -1.2628434 ,   -3.0657067 ]], dtype=float32)]"
Drake - Polar Opposites.mp3,"[array([[-545.0287   ,  150.91632  ,   11.167946 , ...,  -14.583981 ,
          -2.538715 ,    6.4217777],
       [-521.3238   ,  168.10486  ,    9.724688 , ...,  -12.237284 ,
          -4.8962183,    6.87465  ],
       [-531.0711   ,  166.2869   ,   20.635483 , ...,  -12.0472355,
          -3.2277484,    8.31903  ],
       ...,
       [-480.94507  ,  224.74031  ,   34.803864 , ...,    9.997608 ,
          10.090321 ,    0.7186898],
       [-482.5735   ,  225.87204  ,   36.686485 , ...,   10.5343685,
          15.735666 ,    1.943708 ],
       [-459.7275   ,  200.05066  ,   32.019646 , ...,    6.077566 ,
          13.96307  ,    7.1491294]], dtype=float32), array([[-217.35901  ,  134.08392  ,    3.388243 , ...,    1.3596294,
          -3.41116  ,   -6.3764496],
       [-185.71738  ,  144.64966  ,  -11.525654 , ...,    1.6213441,
         -12.7738   ,   -7.5311723],
       [-167.79533  ,  133.52118  ,  -29.75176  , ...,   -2.6262476,
         -14.700432 ,   -3.228139 ],
       ...,
       [-144.68396  ,  110.322174 ,  -41.86099  , ...,   11.435886 ,
          13.16939  ,   12.522875 ],
       [-146.42223  ,  110.15257  ,  -42.234818 , ...,   15.134798 ,
          13.350975 ,    9.755501 ],
       [-119.27597  ,  110.112785 ,  -23.225906 , ...,   14.078601 ,
          13.815996 ,    8.77437  ]], dtype=float32)]"
Drake - Rich Baby Daddy (feat. Sexyy Red & SZA).mp3,"[array([[-5.6318506e+02,  5.7797360e+00,  5.1945887e+00, ...,
        -3.5854735e+00, -4.1886344e+00, -4.6085148e+00],
       [-5.6118134e+02,  8.3452349e+00,  7.0154262e+00, ...,
        -3.4836502e+00, -3.1806669e+00, -2.9698348e+00],
       [-5.6137268e+02,  8.0720701e+00,  6.7386532e+00, ...,
        -3.1967359e+00, -2.9000244e+00, -2.7528214e+00],
       ...,
       [-3.1597156e+02,  1.7226257e+02,  1.4457529e+01, ...,
         1.2083659e+00, -4.1364398e+00,  2.1993079e+00],
       [-3.2481039e+02,  1.7113615e+02,  2.6614624e+01, ...,
         3.6405271e-01, -1.1465110e+00, -1.6505885e+00],
       [-3.0497769e+02,  1.6354660e+02,  4.7328728e+01, ...,
        -3.1798115e+00, -2.4047880e+00,  2.7148545e-02]], dtype=float32), array([[-74.99646  ,  78.93202  ,  12.396477 , ...,   3.924673 ,
          5.5285616,   6.239748 ],
       [-25.183384 ,  48.818657 ,   8.165396 , ...,  -2.867569 ,
          8.274292 ,   5.6479855],
       [-27.811392 ,  41.538193 ,   2.0104487, ...,  -5.4263253,
          8.637628 ,   4.333151 ],
       ...,
       [-42.44647  ,  90.1518   ,  25.323648 , ...,  -8.084822 ,
          3.5963793,   6.7220306],
       [-13.079935 ,  79.91933  ,  14.387886 , ...,  -3.790754 ,
          7.0211787,   6.61156  ],
       [-13.057885 ,  98.8899   ,  16.133783 , ...,  -1.7110643,
          4.515274 ,   9.796972 ]], dtype=float32)]"
Drake - Screw The World (Interlude).mp3,"[array([[-442.94516  ,    0.       ,    0.       , ...,    0.       ,
           0.       ,    0.       ],
       [-387.8256   ,   34.928177 ,  -25.368969 , ...,   -7.9223146,
          -6.57621  ,    2.0493166],
       [-280.7263   ,   77.82768  ,  -54.737087 , ...,  -10.713238 ,
          -1.7173771,    1.0667001],
       ...,
       [-204.02917  ,  125.83587  ,    9.575762 , ...,   10.692022 ,
          -0.8859357,  -10.080006 ],
       [-220.8755   ,  131.03905  ,   10.023985 , ...,    7.796648 ,
          -2.4418614,   -9.8628025],
       [-236.17159  ,  129.39795  ,   10.335389 , ...,    5.660386 ,
           1.3765589,   -6.6348743]], dtype=float32), array([[   9.125179 ,  126.4444   ,  -11.313744 , ...,    6.168001 ,
           7.1805077,    4.055624 ],
       [  26.059988 ,  147.3392   ,  -27.878765 , ...,    8.980917 ,
           6.016973 ,   -3.1434426],
       [   4.3611135,  172.00922  ,  -52.340935 , ...,    6.727213 ,
           7.0949407,   -1.3290185],
       ...,
       [-151.1775   ,  140.84013  ,   -6.7001905, ...,    9.422978 ,
          12.60412  ,    6.4020433],
       [-144.15854  ,  146.24313  ,   -8.897089 , ...,   11.450383 ,
          16.665396 ,    7.024662 ],
       [-100.26476  ,  121.30473  ,   12.370485 , ...,    9.978836 ,
          13.595056 ,    6.6446705]], dtype=float32)]"
Drake - Slime You Out (feat. SZA).mp3,"[array([[-361.97528  ,  182.22046  ,   55.181812 , ...,    4.1608315,
           4.6174746,    6.9548655],
       [-295.6229   ,  207.08548  ,   24.68985  , ...,    8.679052 ,
           0.8631109,    1.7674682],
       [-256.887    ,  211.6938   ,    9.772494 , ...,    6.044965 ,
           3.8614635,   -1.7545426],
       ...,
       [-370.99252  ,  165.30247  ,   57.835613 , ...,    6.393804 ,
           3.9574208,    0.7567518],
       [-368.63654  ,  167.51248  ,   58.86295  , ...,    3.924265 ,
          -2.1530766,    1.1156948],
       [-350.70926  ,  166.50323  ,   46.20265  , ...,    6.0276213,
           3.897247 ,    0.9261712]], dtype=float32), array([[  -4.4161115,  105.44881  ,  -76.99704  , ...,   13.108919 ,
          19.958275 ,   10.212976 ],
       [   7.9675865,   93.2359   ,  -72.989784 , ...,    3.3382926,
          22.915173 ,    3.2084475],
       [ -20.175941 ,   77.90376  ,  -58.480366 , ...,   -5.6510677,
          16.395775 ,   -2.4173753],
       ...,
       [-140.45609  ,  150.31375  ,   12.78136  , ...,    4.3686857,
          -4.1947184,  -13.431351 ],
       [-140.68248  ,  151.12085  ,   11.272371 , ...,    6.439688 ,
          -2.5505521,   -9.191192 ],
       [-130.40814  ,  153.46927  ,   18.35931  , ...,    2.8789947,
          -5.703983 ,   -8.166166 ]], dtype=float32)]"
Drake - Tried Our Best.mp3,"[array([[-6.3993048e+02,  0.0000000e+00,  0.0000000e+00, ...,
         0.0000000e+00,  0.0000000e+00,  0.0000000e+00],
       [-5.3092767e+02,  1.1534834e+02,  4.7471073e+01, ...,
        -6.7734714e+00, -5.2730055e+00, -3.5999718e+00],
       [-4.0358081e+02,  1.6149487e+02,  2.6961056e+01, ...,
        -1.1276314e+01, -3.3354373e+00, -5.0427895e+00],
       ...,
       [-4.6096628e+02,  2.0897060e+02,  1.1471818e+02, ...,
         1.2422473e+00, -1.1295940e+00,  3.3056763e-01],
       [-4.6332803e+02,  2.0512576e+02,  1.1103038e+02, ...,
         2.5805159e+00, -1.6102161e+00, -1.4040717e+00],
       [-3.0160629e+02,  1.3709312e+02,  4.5909996e+01, ...,
         3.5282874e-01, -3.8904291e-01,  7.0580900e-02]], dtype=float32), array([[-120.88661  ,  121.62598  ,   27.897787 , ...,    9.864252 ,
           6.28394  ,    3.767774 ],
       [-128.58673  ,  147.27338  ,   29.889202 , ...,    5.256472 ,
           1.1305658,    3.8081717],
       [-163.812    ,  186.02884  ,    7.543621 , ...,    5.4731045,
          -4.932786 ,    7.382035 ],
       ...,
       [-205.02875  ,  152.46204  ,   -0.9986509, ...,    9.879341 ,
          -7.003091 ,   -9.770412 ],
       [-229.49512  ,  162.04623  ,    9.641787 , ...,    8.303864 ,
          -0.955593 ,   -7.63446  ],
       [-236.27528  ,  156.9964   ,   32.889732 , ...,    2.7064908,
           3.5206943,   -4.7975087]], dtype=float32)]"
Drake - Virginia Beach (1).mp3,"[array([[-5.4541931e+02,  1.3027567e+02,  1.0952524e+01, ...,
         1.3822339e+00,  5.0494976e+00,  4.3182635e-01],
       [-5.6401831e+02,  1.4918520e+02,  2.0286697e+01, ...,
        -1.4637613e-01,  7.2214847e+00,  2.3727236e+00],
       [-5.9326147e+02,  1.5076701e+02,  3.6597836e+01, ...,
         8.7129974e-01,  9.6042976e+00,  6.7403975e+00],
       ...,
       [-4.9708484e+02,  2.4247499e+02,  2.9893475e+01, ...,
        -6.4890331e-01, -1.0498766e+01, -1.0611600e+01],
       [-4.9978415e+02,  2.4177670e+02,  2.9162989e+01, ...,
         4.2447228e+00, -6.7390795e+00, -7.0951805e+00],
       [-4.5732071e+02,  1.9544566e+02,  4.3412117e+01, ...,
         3.3494115e+00, -3.4747696e+00, -4.2786317e+00]], dtype=float32), array([[-174.17265   ,  128.81819   ,   13.245724  , ...,    2.7908158 ,
          -0.73639584,  -16.05957   ],
       [-161.46532   ,  137.48859   ,    7.1515527 , ...,   -1.7036872 ,
           5.2348146 ,   -6.9448853 ],
       [-167.93448   ,  131.36917   ,   10.855011  , ...,   -5.1155906 ,
           6.908901  ,   -5.144702  ],
       ...,
       [ -92.047165  ,   67.033394  ,  -21.959805  , ...,    2.1993642 ,
           2.1988366 ,    7.1406994 ],
       [-119.15608   ,   86.93358   ,  -13.179892  , ...,   -0.5719135 ,
           3.0766623 ,    8.229634  ],
       [-143.476     ,  111.73413   ,   -4.471122  , ...,    3.1829562 ,
           4.46452   ,    6.205496  ]], dtype=float32)]"
Drake - What Would Pluto Do.mp3,"[array([[-338.24054  ,  136.56094  ,   72.60292  , ...,  -16.866196 ,
          -7.632033 ,   -1.3458692],
       [-298.75787  ,  175.26123  ,   79.63202  , ...,  -17.877277 ,
          -7.5822716,    0.6682317],
       [-312.67612  ,  163.04932  ,   81.26114  , ...,  -16.892517 ,
         -10.033916 ,   -2.9843745],
       ...,
       [ -42.015987 ,  168.0201   ,  -40.778618 , ...,   12.511277 ,
          10.822419 ,   12.667479 ],
       [ -41.58682  ,  165.76682  ,  -38.74743  , ...,   13.081272 ,
          10.765295 ,   12.62816  ],
       [ -66.51254  ,  149.06474  ,  -51.78512  , ...,   13.210073 ,
          19.009804 ,    8.548449 ]], dtype=float32), array([[-207.61633  ,  104.58637  ,  -15.782738 , ...,  -19.227024 ,
         -16.201931 ,   -6.516817 ],
       [-183.44162  ,  110.45093  ,  -27.368542 , ...,  -23.863564 ,
         -14.909411 ,   -8.169028 ],
       [-186.44678  ,  112.92204  ,  -33.448097 , ...,  -23.393814 ,
         -19.369257 ,   -8.489537 ],
       ...,
       [-128.33752  ,  153.11562  ,  -18.076656 , ...,   10.682817 ,
           5.74656  ,    9.748883 ],
       [-130.67241  ,  149.7096   ,  -18.390781 , ...,    7.069635 ,
           5.6599035,    8.987957 ],
       [ -92.94256  ,  133.50775  ,    5.6337414, ...,    7.901621 ,
          12.162284 ,    5.514553 ]], dtype=float32)]"
